{
  "IcoMoonType": "selection",
  "icons": [
    {
      "icon": {
        "paths": [
          "M512 42.667c-260.267 0-469.333 209.067-469.333 469.333s209.067 469.333 469.333 469.333 469.333-209.067 469.333-469.333-209.067-469.333-469.333-469.333zM512 896c-213.333 0-384-170.667-384-384s170.667-384 384-384c213.333 0 384 170.667 384 384s-170.667 384-384 384z",
          "M699.733 558.933l-145.067-72.533v-230.4c0-25.6-17.067-42.667-42.667-42.667s-42.667 17.067-42.667 42.667v256c0 17.067 8.533 29.867 25.6 38.4l170.667 85.333c4.267 4.267 8.533 4.267 17.067 4.267 17.067 0 29.867-8.533 38.4-25.6s0-42.667-21.333-55.467z"
        ],
        "attrs": [
          {},
          {}
        ],
        "isMulticolor": false,
        "isMulticolor2": false,
        "tags": [
          "clock"
        ],
        "grid": 24
      },
      "attrs": [
        {},
        {}
      ],
      "properties": {
        "order": 1,
        "id": 0,
        "prevSize": 24,
        "code": 59648,
        "name": "clock"
      },
      "setIdx": 0,
      "setId": 2,
      "iconIdx": 0
    }
  ],
  "height": 1024,
  "metadata": {
    "name": "icomoon"
  },
  "preferences": {
    "showGlyphs": true,
    "showQuickUse": true,
    "showQuickUse2": true,
    "showSVGs": true,
    "fontPref": {
      "prefix": "icon-",
      "metadata": {
        "fontFamily": "icomoon"
      },
      "metrics": {
        "emSize": 1024,
        "baseline": 6.25,
        "whitespace": 50
      },
      "embed": false
    },
    "imagePref": {
      "prefix": "icon-",
      "png": true,
      "useClassSelector": true,
      "color": 0,
      "bgColor": 16777215,
      "classSelector": ".icon"
    },
    "historySize": 50,
    "showCodes": true,
    "gridSize": 16
  }
}